# timestamp,line
1618318206658,Republishing moving average to mavg/room1/temp
1618318206658,Receiving value from siggen/room1/temp value: 20
1618318206658,Republishing moving average to mavg/room1/rhum
1618318206658,Receiving value from siggen/room1/rhum value: 50
1618318206658,Publishing value to mavg/room1/temp value: 20
1618318206659,Publishing value to mavg/room1/rhum value: 50
1618318206659,Republishing moving average to mavg/room2/temp
1618318206659,Receiving value from siggen/room2/temp value: 19.3
1618318206659,Republishing moving average to mavg/room2/rhum
1618318206659,Receiving value from siggen/room2/rhum value: 61.7
1618318206659,Publishing value to mavg/room2/temp value: 19.3
1618318206659,Publishing value to mavg/room2/rhum value: 61.7
1618318207658,Receiving value from siggen/room2/temp value: 19.7
1618318207658,Receiving value from siggen/room2/rhum value: 59.4
1618318207658,Receiving value from siggen/room1/temp value: 20.5
1618318207658,Publishing value to mavg/room2/rhum value: 121.1
1618318207658,Receiving value from siggen/room1/rhum value: 55.3
1618318207658,Publishing value to mavg/room2/temp value: 39
1618318207658,Publishing value to mavg/room1/rhum value: 105.3
1618318207658,Publishing value to mavg/room1/temp value: 40.5
1618318208658,Receiving value from siggen/room2/temp value: 19.5
1618318208658,Receiving value from siggen/room1/rhum value: 63.1
1618318208658,Publishing value to mavg/room1/rhum value: 168.4
1618318208658,Publishing value to mavg/room2/temp value: 58.5
1618318208658,Receiving value from siggen/room2/rhum value: 58.8
1618318208658,Receiving value from siggen/room1/temp value: 21
1618318208658,Publishing value to mavg/room2/rhum value: 179.89999999999998
1618318208658,Publishing value to mavg/room1/temp value: 61.5
1618318209658,Receiving value from siggen/room1/rhum value: 65.6
1618318209658,Receiving value from siggen/room2/rhum value: 56.3
1618318209658,Receiving value from siggen/room1/temp value: 21.5
1618318209658,Publishing value to mavg/room1/rhum value: 184
1618318209658,Receiving value from siggen/room2/temp value: 20.6
1618318209658,Publishing value to mavg/room2/rhum value: 174.49999999999997
1618318209658,Publishing value to mavg/room1/temp value: 63
1618318209658,Publishing value to mavg/room2/temp value: 59.8
1618318210658,Receiving value from siggen/room2/temp value: 20.4
1618318210658,Receiving value from siggen/room1/rhum value: 77.2
1618318210658,Receiving value from siggen/room1/temp value: 22
1618318210658,Publishing value to mavg/room1/rhum value: 205.9
1618318210658,Publishing value to mavg/room2/temp value: 60.5
1618318210658,Publishing value to mavg/room1/temp value: 64.5
1618318210658,Receiving value from siggen/room2/rhum value: 63.5
1618318210659,Publishing value to mavg/room2/rhum value: 178.59999999999997
1618318211658,Receiving value from siggen/room2/temp value: 23.7
1618318211658,Receiving value from siggen/room1/rhum value: 76.8
1618318211658,Receiving value from siggen/room2/rhum value: 62.2
1618318211658,Receiving value from siggen/room1/temp value: 22.5
1618318211658,Publishing value to mavg/room1/rhum value: 219.6
1618318211658,Publishing value to mavg/room2/temp value: 64.7
1618318211658,Publishing value to mavg/room1/temp value: 66
1618318211658,Publishing value to mavg/room2/rhum value: 181.99999999999997
1618318212658,Receiving value from siggen/room2/rhum value: 68.1
1618318212658,Receiving value from siggen/room2/temp value: 22
1618318212658,Receiving value from siggen/room1/rhum value: 84.9
1618318212658,Publishing value to mavg/room2/temp value: 66.1
1618318212658,Publishing value to mavg/room2/rhum value: 193.79999999999995
1618318212658,Publishing value to mavg/room1/rhum value: 238.9
1618318212658,Receiving value from siggen/room1/temp value: 23
1618318212658,Publishing value to mavg/room1/temp value: 67.5
1618318213658,Receiving value from siggen/room2/rhum value: 73.6
1618318213658,Receiving value from siggen/room2/temp value: 24.2
1618318213658,Receiving value from siggen/room1/rhum value: 81
1618318213658,Publishing value to mavg/room2/rhum value: 203.89999999999995
1618318213658,Receiving value from siggen/room1/temp value: 24.5
1618318213658,Publishing value to mavg/room2/temp value: 69.89999999999999
1618318213658,Publishing value to mavg/room1/temp value: 70
1618318213658,Publishing value to mavg/room1/rhum value: 242.7
1618318214658,Receiving value from siggen/room1/rhum value: 89.7
1618318214658,Receiving value from siggen/room2/temp value: 26.1
1618318214658,Receiving value from siggen/room1/temp value: 24.3
1618318214658,Publishing value to mavg/room1/rhum value: 255.6
1618318214658,Publishing value to mavg/room2/temp value: 72.3
1618318214658,Publishing value to mavg/room1/temp value: 71.8
1618318214658,Receiving value from siggen/room2/rhum value: 72.9
1618318214658,Publishing value to mavg/room2/rhum value: 214.59999999999997
1618318215658,Receiving value from siggen/room1/temp value: 22.7
1618318215658,Receiving value from siggen/room2/temp value: 25.3
1618318215658,Receiving value from siggen/room2/rhum value: 76.4
1618318215658,Publishing value to mavg/room1/temp value: 71.5
1618318215658,Receiving value from siggen/room1/rhum value: 93.3
1618318215658,Publishing value to mavg/room2/rhum value: 222.89999999999998
1618318215658,Publishing value to mavg/room2/temp value: 75.6
1618318215658,Publishing value to mavg/room1/rhum value: 264
1618318216658,Receiving value from siggen/room1/rhum value: 74.8
1618318216658,Receiving value from siggen/room2/temp value: 24.8
1618318216658,Receiving value from siggen/room2/rhum value: 78.7
1618318216658,Publishing value to mavg/room1/rhum value: 257.8
1618318216658,Receiving value from siggen/room1/temp value: 19.9
1618318216658,Publishing value to mavg/room2/temp value: 76.19999999999999
1618318216658,Publishing value to mavg/room1/temp value: 66.9
1618318216658,Publishing value to mavg/room2/rhum value: 228
1618318217658,Receiving value from siggen/room1/temp value: 17.3
1618318217658,Receiving value from siggen/room1/rhum value: 59.4
1618318217658,Receiving value from siggen/room2/temp value: 22.9
1618318217658,Publishing value to mavg/room1/temp value: 59.900000000000006
1618318217658,Receiving value from siggen/room2/rhum value: 74.3
1618318217658,Publishing value to mavg/room1/rhum value: 227.5
1618318217658,Publishing value to mavg/room2/temp value: 72.99999999999999
1618318217658,Publishing value to mavg/room2/rhum value: 229.39999999999998
1618318218658,Receiving value from siggen/room2/temp value: 19.3
1618318218658,Receiving value from siggen/room1/temp value: 20
1618318218658,Receiving value from siggen/room2/rhum value: 61.7
1618318218658,Publishing value to mavg/room2/rhum value: 214.7
1618318218658,Publishing value to mavg/room2/temp value: 66.99999999999999
1618318218658,Receiving value from siggen/room1/rhum value: 50
1618318218658,Publishing value to mavg/room1/temp value: 57.2
1618318218658,Publishing value to mavg/room1/rhum value: 184.2
1618318219658,Receiving value from siggen/room1/temp value: 20.5
1618318219658,Receiving value from siggen/room1/rhum value: 55.3
1618318219658,Receiving value from siggen/room2/temp value: 19.7
1618318219658,Publishing value to mavg/room1/rhum value: 164.7
1618318219658,Publishing value to mavg/room1/temp value: 57.800000000000004
1618318219658,Publishing value to mavg/room2/temp value: 61.899999999999984
1618318219658,Receiving value from siggen/room2/rhum value: 59.4
1618318219658,Publishing value to mavg/room2/rhum value: 195.39999999999998
1618318220659,Receiving value from siggen/room1/temp value: 21
1618318220659,Receiving value from siggen/room2/rhum value: 58.8
1618318220659,Receiving value from siggen/room1/rhum value: 63.1
1618318220659,Publishing value to mavg/room2/rhum value: 179.89999999999998
1618318220659,Publishing value to mavg/room1/temp value: 61.5
1618318220659,Publishing value to mavg/room1/rhum value: 168.39999999999998
1618318220659,Receiving value from siggen/room2/temp value: 19.5
1618318220659,Publishing value to mavg/room2/temp value: 58.499999999999986
1618318221658,Receiving value from siggen/room1/rhum value: 65.6
1618318221658,Receiving value from siggen/room2/temp value: 20.6
1618318221658,Receiving value from siggen/room1/temp value: 21.5
1618318221658,Publishing value to mavg/room1/rhum value: 183.99999999999997
1618318221658,Receiving value from siggen/room2/rhum value: 56.3
1618318221658,Publishing value to mavg/room1/temp value: 63
1618318221658,Publishing value to mavg/room2/temp value: 59.79999999999998
1618318221658,Publishing value to mavg/room2/rhum value: 174.49999999999997
1618318222658,Receiving value from siggen/room1/rhum value: 77.2
1618318222658,Receiving value from siggen/room2/rhum value: 63.5
1618318222658,Receiving value from siggen/room2/temp value: 20.4
1618318222658,Publishing value to mavg/room2/rhum value: 178.59999999999997
1618318222658,Publishing value to mavg/room1/rhum value: 205.89999999999998
1618318222658,Publishing value to mavg/room2/temp value: 60.499999999999986
1618318222658,Receiving value from siggen/room1/temp value: 22
1618318222658,Publishing value to mavg/room1/temp value: 64.5
1618318223658,Receiving value from siggen/room2/temp value: 23.7
1618318223658,Receiving value from siggen/room1/rhum value: 76.8
1618318223658,Publishing value to mavg/room1/rhum value: 219.59999999999997
1618318223658,Publishing value to mavg/room2/temp value: 64.69999999999999
1618318223658,Receiving value from siggen/room2/rhum value: 62.2
1618318223658,Publishing value to mavg/room2/rhum value: 181.99999999999997
1618318223658,Receiving value from siggen/room1/temp value: 22.5
1618318223658,Publishing value to mavg/room1/temp value: 66
1618318224658,Receiving value from siggen/room1/temp value: 23
1618318224658,Receiving value from siggen/room2/rhum value: 68.1
1618318224658,Receiving value from siggen/room2/temp value: 22
1618318224658,Publishing value to mavg/room1/temp value: 67.5
1618318224658,Publishing value to mavg/room2/temp value: 66.1
1618318224658,Publishing value to mavg/room2/rhum value: 193.79999999999995
1618318224658,Receiving value from siggen/room1/rhum value: 84.9
1618318224658,Publishing value to mavg/room1/rhum value: 238.89999999999998
1618318225658,Receiving value from siggen/room1/temp value: 24.5
1618318225658,Receiving value from siggen/room2/rhum value: 73.6
1618318225658,Receiving value from siggen/room2/temp value: 24.2
1618318225658,Receiving value from siggen/room1/rhum value: 81
1618318225658,Publishing value to mavg/room1/temp value: 70
1618318225658,Publishing value to mavg/room2/rhum value: 203.89999999999995
1618318225658,Publishing value to mavg/room1/rhum value: 242.7
1618318225658,Publishing value to mavg/room2/temp value: 69.89999999999999
1618318226658,Receiving value from siggen/room1/rhum value: 89.7
1618318226658,Receiving value from siggen/room2/rhum value: 72.9
1618318226658,Receiving value from siggen/room2/temp value: 26.1
1618318226658,Publishing value to mavg/room1/rhum value: 255.6
1618318226658,Publishing value to mavg/room2/rhum value: 214.59999999999997
1618318226658,Receiving value from siggen/room1/temp value: 24.3
1618318226658,Publishing value to mavg/room2/temp value: 72.3
1618318226658,Publishing value to mavg/room1/temp value: 71.8
1618318227658,Receiving value from siggen/room1/rhum value: 93.3
1618318227658,Receiving value from siggen/room2/temp value: 25.3
1618318227658,Receiving value from siggen/room1/temp value: 22.7
1618318227658,Publishing value to mavg/room1/rhum value: 264
1618318227658,Publishing value to mavg/room1/temp value: 71.5
1618318227658,Publishing value to mavg/room2/temp value: 75.6
1618318227658,Receiving value from siggen/room2/rhum value: 76.4
1618318227658,Publishing value to mavg/room2/rhum value: 222.89999999999998
1618318228658,Receiving value from siggen/room2/rhum value: 78.7
1618318228658,Receiving value from siggen/room1/temp value: 19.9
1618318228658,Receiving value from siggen/room1/rhum value: 74.8
1618318228658,Publishing value to mavg/room1/temp value: 66.9
1618318228658,Publishing value to mavg/room2/rhum value: 228
1618318228658,Receiving value from siggen/room2/temp value: 24.8
1618318228658,Publishing value to mavg/room1/rhum value: 257.8
1618318228658,Publishing value to mavg/room2/temp value: 76.19999999999999
1618318229658,Receiving value from siggen/room2/rhum value: 74.3
1618318229658,Receiving value from siggen/room2/temp value: 22.9
1618318229658,Receiving value from siggen/room1/rhum value: 59.4
1618318229658,Publishing value to mavg/room2/rhum value: 229.39999999999998
1618318229658,Publishing value to mavg/room1/rhum value: 227.5
1618318229658,Publishing value to mavg/room2/temp value: 72.99999999999999
1618318229659,Receiving value from siggen/room1/temp value: 17.3
1618318229659,Publishing value to mavg/room1/temp value: 59.900000000000006
1618318230658,Receiving value from siggen/room1/rhum value: 50
1618318230658,Receiving value from siggen/room2/temp value: 19.3
1618318230658,Receiving value from siggen/room2/rhum value: 61.7
1618318230658,Receiving value from siggen/room1/temp value: 20
1618318230658,Publishing value to mavg/room1/rhum value: 184.2
1618318230658,Publishing value to mavg/room2/temp value: 66.99999999999999
1618318230658,Publishing value to mavg/room2/rhum value: 214.7
1618318230658,Publishing value to mavg/room1/temp value: 57.2
1618318231658,Receiving value from siggen/room2/rhum value: 59.4
1618318231658,Receiving value from siggen/room2/temp value: 19.7
1618318231658,Receiving value from siggen/room1/temp value: 20.5
1618318231658,Publishing value to mavg/room2/rhum value: 195.39999999999998
1618318231658,Receiving value from siggen/room1/rhum value: 55.3
1618318231658,Publishing value to mavg/room1/temp value: 57.800000000000004
1618318231658,Publishing value to mavg/room2/temp value: 61.899999999999984
1618318231658,Publishing value to mavg/room1/rhum value: 164.7
1618318232658,Receiving value from siggen/room1/rhum value: 63.1
1618318232658,Receiving value from siggen/room2/rhum value: 58.8
1618318232658,Publishing value to mavg/room1/rhum value: 168.39999999999998
1618318232658,Publishing value to mavg/room2/rhum value: 179.89999999999998
1618318232658,Receiving value from siggen/room2/temp value: 19.5
1618318232658,Publishing value to mavg/room2/temp value: 58.499999999999986
1618318232659,Receiving value from siggen/room1/temp value: 21
1618318232659,Publishing value to mavg/room1/temp value: 61.5
1618318233658,Receiving value from siggen/room2/rhum value: 56.3
1618318233658,Receiving value from siggen/room1/rhum value: 65.6
1618318233658,Receiving value from siggen/room2/temp value: 20.6
1618318233658,Publishing value to mavg/room1/rhum value: 183.99999999999997
1618318233658,Publishing value to mavg/room2/rhum value: 174.49999999999997
1618318233658,Publishing value to mavg/room2/temp value: 59.79999999999998
1618318233659,Receiving value from siggen/room1/temp value: 21.5
1618318233659,Publishing value to mavg/room1/temp value: 63
1618318234658,Receiving value from siggen/room1/temp value: 22
1618318234658,Receiving value from siggen/room2/temp value: 20.4
1618318234658,Receiving value from siggen/room1/rhum value: 77.2
1618318234658,Publishing value to mavg/room1/temp value: 64.5
1618318234658,Publishing value to mavg/room2/temp value: 60.499999999999986
1618318234658,Receiving value from siggen/room2/rhum value: 63.5
1618318234658,Publishing value to mavg/room1/rhum value: 205.89999999999998
1618318234658,Publishing value to mavg/room2/rhum value: 178.59999999999997
1618318235658,Receiving value from siggen/room2/temp value: 23.7
1618318235658,Receiving value from siggen/room1/rhum value: 76.8
1618318235658,Publishing value to mavg/room2/temp value: 64.69999999999999
1618318235658,Publishing value to mavg/room1/rhum value: 219.59999999999997
1618318235658,Receiving value from siggen/room1/temp value: 22.5
1618318235658,Publishing value to mavg/room1/temp value: 66
1618318235658,Receiving value from siggen/room2/rhum value: 62.2
1618318235658,Publishing value to mavg/room2/rhum value: 181.99999999999997
1618318236658,Receiving value from siggen/room1/rhum value: 84.9
1618318236658,Receiving value from siggen/room2/temp value: 22
1618318236658,Publishing value to mavg/room1/rhum value: 238.89999999999998
1618318236658,Receiving value from siggen/room1/temp value: 23
1618318236658,Publishing value to mavg/room2/temp value: 66.1
1618318236658,Publishing value to mavg/room1/temp value: 67.5
1618318236658,Receiving value from siggen/room2/rhum value: 68.1
1618318236658,Publishing value to mavg/room2/rhum value: 193.79999999999995
1618318237658,Receiving value from siggen/room2/temp value: 24.2
1618318237658,Receiving value from siggen/room1/rhum value: 81
1618318237658,Publishing value to mavg/room2/temp value: 69.89999999999999
1618318237658,Publishing value to mavg/room1/rhum value: 242.7
1618318237658,Receiving value from siggen/room1/temp value: 24.5
1618318237658,Publishing value to mavg/room1/temp value: 70
1618318237658,Receiving value from siggen/room2/rhum value: 73.6
1618318237658,Publishing value to mavg/room2/rhum value: 203.89999999999995
1618318238658,Receiving value from siggen/room1/temp value: 24.3
1618318238658,Receiving value from siggen/room1/rhum value: 89.7
1618318238658,Receiving value from siggen/room2/temp value: 26.1
1618318238658,Publishing value to mavg/room1/rhum value: 255.6
1618318238658,Publishing value to mavg/room1/temp value: 71.8
1618318238658,Receiving value from siggen/room2/rhum value: 72.9
1618318238658,Publishing value to mavg/room2/temp value: 72.3
1618318238659,Publishing value to mavg/room2/rhum value: 214.59999999999997
1618318239658,Receiving value from siggen/room2/temp value: 25.3
1618318239658,Receiving value from siggen/room1/temp value: 22.7
1618318239658,Receiving value from siggen/room2/rhum value: 76.4
1618318239658,Receiving value from siggen/room1/rhum value: 93.3
1618318239658,Publishing value to mavg/room2/temp value: 75.6
1618318239658,Publishing value to mavg/room2/rhum value: 222.89999999999998
1618318239658,Publishing value to mavg/room1/temp value: 71.5
1618318239658,Publishing value to mavg/room1/rhum value: 264
1618318240658,Receiving value from siggen/room2/temp value: 24.8
1618318240658,Receiving value from siggen/room2/rhum value: 78.7
1618318240658,Receiving value from siggen/room1/temp value: 19.9
1618318240658,Publishing value to mavg/room2/temp value: 76.19999999999999
1618318240658,Publishing value to mavg/room2/rhum value: 228
1618318240658,Publishing value to mavg/room1/temp value: 66.9
1618318240658,Receiving value from siggen/room1/rhum value: 74.8
1618318240659,Publishing value to mavg/room1/rhum value: 257.8
1618318241658,Receiving value from siggen/room1/temp value: 17.3
1618318241658,Receiving value from siggen/room2/temp value: 22.9
1618318241658,Receiving value from siggen/room1/rhum value: 59.4
1618318241658,Publishing value to mavg/room1/temp value: 59.900000000000006
1618318241658,Publishing value to mavg/room1/rhum value: 227.5
1618318241658,Publishing value to mavg/room2/temp value: 72.99999999999999
1618318241658,Receiving value from siggen/room2/rhum value: 74.3
1618318241658,Publishing value to mavg/room2/rhum value: 229.39999999999998
1618318242658,Receiving value from siggen/room2/rhum value: 61.7
1618318242658,Receiving value from siggen/room1/temp value: 20
1618318242658,Receiving value from siggen/room2/temp value: 19.3
1618318242658,Publishing value to mavg/room2/rhum value: 214.7
1618318242658,Receiving value from siggen/room1/rhum value: 50
1618318242658,Publishing value to mavg/room1/temp value: 57.2
1618318242658,Publishing value to mavg/room1/rhum value: 184.2
1618318242658,Publishing value to mavg/room2/temp value: 66.99999999999999
1618318243658,Receiving value from siggen/room2/rhum value: 59.4
1618318243658,Receiving value from siggen/room1/temp value: 20.5
1618318243658,Publishing value to mavg/room2/rhum value: 195.39999999999998
1618318243658,Publishing value to mavg/room1/temp value: 57.800000000000004
1618318243658,Receiving value from siggen/room1/rhum value: 55.3
1618318243658,Receiving value from siggen/room2/temp value: 19.7
1618318243658,Publishing value to mavg/room1/rhum value: 164.7
1618318243658,Publishing value to mavg/room2/temp value: 61.899999999999984
1618318244658,Receiving value from siggen/room2/rhum value: 58.8
1618318244658,Receiving value from siggen/room2/temp value: 19.5
1618318244658,Receiving value from siggen/room1/temp value: 21
1618318244658,Publishing value to mavg/room2/rhum value: 179.89999999999998
1618318244658,Receiving value from siggen/room1/rhum value: 63.1
1618318244658,Publishing value to mavg/room1/temp value: 61.5
1618318244658,Publishing value to mavg/room1/rhum value: 168.39999999999998
1618318244658,Publishing value to mavg/room2/temp value: 58.499999999999986
1618318245658,Receiving value from siggen/room2/temp value: 20.6
1618318245658,Receiving value from siggen/room1/temp value: 21.5
1618318245658,Receiving value from siggen/room1/rhum value: 65.6
1618318245658,Publishing value to mavg/room2/temp value: 59.79999999999998
1618318245658,Receiving value from siggen/room2/rhum value: 56.3
1618318245658,Publishing value to mavg/room1/rhum value: 183.99999999999997
1618318245658,Publishing value to mavg/room1/temp value: 63
1618318245658,Publishing value to mavg/room2/rhum value: 174.49999999999997
1618318246658,Receiving value from siggen/room1/rhum value: 77.2
1618318246658,Receiving value from siggen/room2/rhum value: 63.5
1618318246658,Receiving value from siggen/room1/temp value: 22
1618318246658,Publishing value to mavg/room1/rhum value: 205.89999999999998
1618318246658,Receiving value from siggen/room2/temp value: 20.4
1618318246658,Publishing value to mavg/room2/rhum value: 178.59999999999997
1618318246658,Publishing value to mavg/room2/temp value: 60.499999999999986
1618318246658,Publishing value to mavg/room1/temp value: 64.5
1618318247658,Receiving value from siggen/room2/rhum value: 62.2
1618318247658,Receiving value from siggen/room2/temp value: 23.7
1618318247658,Receiving value from siggen/room1/rhum value: 76.8
1618318247658,Receiving value from siggen/room1/temp value: 22.5
1618318247658,Publishing value to mavg/room2/rhum value: 181.99999999999997
1618318247658,Publishing value to mavg/room2/temp value: 64.69999999999999
1618318247658,Publishing value to mavg/room1/rhum value: 219.59999999999997
1618318247658,Publishing value to mavg/room1/temp value: 66
1618318248658,Receiving value from siggen/room1/rhum value: 84.9
1618318248658,Receiving value from siggen/room2/rhum value: 68.1
1618318248658,Receiving value from siggen/room2/temp value: 22
1618318248658,Publishing value to mavg/room1/rhum value: 238.89999999999998
1618318248658,Receiving value from siggen/room1/temp value: 23
1618318248658,Publishing value to mavg/room2/temp value: 66.1
1618318248658,Publishing value to mavg/room2/rhum value: 193.79999999999995
1618318248658,Publishing value to mavg/room1/temp value: 67.5
1618318249658,Receiving value from siggen/room2/temp value: 24.2
1618318249658,Receiving value from siggen/room2/rhum value: 73.6
1618318249658,Receiving value from siggen/room1/rhum value: 81
1618318249658,Publishing value to mavg/room2/temp value: 69.89999999999999
1618318249658,Publishing value to mavg/room2/rhum value: 203.89999999999995
1618318249658,Publishing value to mavg/room1/rhum value: 242.7
1618318249658,Receiving value from siggen/room1/temp value: 24.5
1618318249658,Publishing value to mavg/room1/temp value: 70
1618318250658,Receiving value from siggen/room1/temp value: 24.3
1618318250658,Receiving value from siggen/room2/rhum value: 72.9
1618318250658,Receiving value from siggen/room2/temp value: 26.1
1618318250658,Publishing value to mavg/room2/rhum value: 214.59999999999997
1618318250658,Publishing value to mavg/room1/temp value: 71.8
1618318250658,Publishing value to mavg/room2/temp value: 72.3
1618318250658,Receiving value from siggen/room1/rhum value: 89.7
1618318250658,Publishing value to mavg/room1/rhum value: 255.6
1618318251658,Receiving value from siggen/room1/rhum value: 93.3
1618318251658,Receiving value from siggen/room1/temp value: 22.7
1618318251658,Publishing value to mavg/room1/rhum value: 264
1618318251658,Receiving value from siggen/room2/temp value: 25.3
1618318251658,Receiving value from siggen/room2/rhum value: 76.4
1618318251658,Publishing value to mavg/room2/temp value: 75.6
1618318251658,Publishing value to mavg/room1/temp value: 71.5
1618318251658,Publishing value to mavg/room2/rhum value: 222.89999999999998
1618318252658,Receiving value from siggen/room2/rhum value: 78.7
1618318252658,Receiving value from siggen/room1/temp value: 19.9
1618318252658,Receiving value from siggen/room1/rhum value: 74.8
1618318252658,Publishing value to mavg/room2/rhum value: 228
1618318252658,Receiving value from siggen/room2/temp value: 24.8
1618318252658,Publishing value to mavg/room1/rhum value: 257.8
1618318252658,Publishing value to mavg/room1/temp value: 66.9
1618318252658,Publishing value to mavg/room2/temp value: 76.19999999999999
1618318253658,Receiving value from siggen/room1/temp value: 17.3
1618318253658,Receiving value from siggen/room2/rhum value: 74.3
1618318253658,Receiving value from siggen/room1/rhum value: 59.4
1618318253658,Receiving value from siggen/room2/temp value: 22.9
1618318253658,Publishing value to mavg/room1/temp value: 59.900000000000006
1618318253658,Publishing value to mavg/room1/rhum value: 227.5
1618318253658,Publishing value to mavg/room2/rhum value: 229.39999999999998
1618318253658,Publishing value to mavg/room2/temp value: 72.99999999999999
1618318254658,Receiving value from siggen/room1/rhum value: 50
1618318254658,Receiving value from siggen/room2/rhum value: 61.7
1618318254658,Receiving value from siggen/room1/temp value: 20
1618318254658,Publishing value to mavg/room1/rhum value: 184.2
1618318254658,Publishing value to mavg/room1/temp value: 57.2
1618318254658,Publishing value to mavg/room2/rhum value: 214.7
1618318254658,Receiving value from siggen/room2/temp value: 19.3
1618318254658,Publishing value to mavg/room2/temp value: 66.99999999999999
1618318255658,Receiving value from siggen/room1/temp value: 20.5
1618318255658,Receiving value from siggen/room1/rhum value: 55.3
1618318255658,Publishing value to mavg/room1/temp value: 57.800000000000004
1618318255658,Publishing value to mavg/room1/rhum value: 164.7
1618318255658,Receiving value from siggen/room2/rhum value: 59.4
1618318255658,Receiving value from siggen/room2/temp value: 19.7
1618318255658,Publishing value to mavg/room2/temp value: 61.899999999999984
1618318255658,Publishing value to mavg/room2/rhum value: 195.39999999999998
1618318256658,Receiving value from siggen/room2/temp value: 19.5
1618318256658,Receiving value from siggen/room1/rhum value: 63.1
1618318256658,Publishing value to mavg/room2/temp value: 58.499999999999986
1618318256658,Publishing value to mavg/room1/rhum value: 168.39999999999998
1618318256658,Receiving value from siggen/room1/temp value: 21
1618318256658,Receiving value from siggen/room2/rhum value: 58.8
1618318256658,Publishing value to mavg/room2/rhum value: 179.89999999999998
1618318256658,Publishing value to mavg/room1/temp value: 61.5
1618318257658,Receiving value from siggen/room2/rhum value: 56.3
1618318257658,Receiving value from siggen/room1/temp value: 21.5
1618318257658,Publishing value to mavg/room2/rhum value: 174.49999999999997
1618318257658,Publishing value to mavg/room1/temp value: 63
1618318257658,Receiving value from siggen/room2/temp value: 20.6
1618318257658,Receiving value from siggen/room1/rhum value: 65.6
1618318257658,Publishing value to mavg/room1/rhum value: 183.99999999999997
1618318257658,Publishing value to mavg/room2/temp value: 59.79999999999998
1618318258658,Receiving value from siggen/room2/temp value: 20.4
1618318258658,Receiving value from siggen/room2/rhum value: 63.5
1618318258658,Receiving value from siggen/room1/temp value: 22
1618318258658,Publishing value to mavg/room2/temp value: 60.499999999999986
1618318258658,Receiving value from siggen/room1/rhum value: 77.2
1618318258658,Publishing value to mavg/room2/rhum value: 178.59999999999997
1618318258658,Publishing value to mavg/room1/temp value: 64.5
1618318258658,Publishing value to mavg/room1/rhum value: 205.89999999999998
1618318259658,Receiving value from siggen/room1/rhum value: 76.8
1618318259658,Receiving value from siggen/room2/temp value: 23.7
1618318259658,Receiving value from siggen/room2/rhum value: 62.2
1618318259658,Receiving value from siggen/room1/temp value: 22.5
1618318259658,Publishing value to mavg/room1/rhum value: 219.59999999999997
1618318259658,Publishing value to mavg/room2/temp value: 64.69999999999999
1618318259658,Publishing value to mavg/room1/temp value: 66
1618318259658,Publishing value to mavg/room2/rhum value: 181.99999999999997
1618318260658,Receiving value from siggen/room2/temp value: 22
1618318260658,Receiving value from siggen/room2/rhum value: 68.1
1618318260658,Receiving value from siggen/room1/rhum value: 84.9
1618318260658,Publishing value to mavg/room2/temp value: 66.1
1618318260658,Publishing value to mavg/room2/rhum value: 193.79999999999995
1618318260658,Receiving value from siggen/room1/temp value: 23
1618318260658,Publishing value to mavg/room1/rhum value: 238.89999999999998
1618318260658,Publishing value to mavg/room1/temp value: 67.5
1618318261658,Receiving value from siggen/room1/rhum value: 81
1618318261658,Receiving value from siggen/room1/temp value: 24.5
1618318261658,Receiving value from siggen/room2/rhum value: 73.6
1618318261658,Publishing value to mavg/room1/temp value: 70
1618318261658,Receiving value from siggen/room2/temp value: 24.2
1618318261658,Publishing value to mavg/room1/rhum value: 242.7
1618318261658,Publishing value to mavg/room2/rhum value: 203.89999999999995
1618318261658,Publishing value to mavg/room2/temp value: 69.89999999999999
1618318262658,Receiving value from siggen/room1/rhum value: 89.7
1618318262658,Receiving value from siggen/room2/temp value: 26.1
1618318262658,Publishing value to mavg/room1/rhum value: 255.6
1618318262658,Receiving value from siggen/room2/rhum value: 72.9
1618318262658,Publishing value to mavg/room2/temp value: 72.3
1618318262658,Publishing value to mavg/room2/rhum value: 214.59999999999997
1618318262658,Receiving value from siggen/room1/temp value: 24.3
1618318262658,Publishing value to mavg/room1/temp value: 71.8
1618318263658,Receiving value from siggen/room2/temp value: 25.3
1618318263658,Receiving value from siggen/room2/rhum value: 76.4
1618318263658,Receiving value from siggen/room1/rhum value: 93.3
1618318263658,Receiving value from siggen/room1/temp value: 22.7
1618318263658,Publishing value to mavg/room2/rhum value: 222.89999999999998
1618318263658,Publishing value to mavg/room2/temp value: 75.6
1618318263658,Publishing value to mavg/room1/temp value: 71.5
1618318263658,Publishing value to mavg/room1/rhum value: 264
1618318264658,Receiving value from siggen/room1/temp value: 19.9
1618318264658,Receiving value from siggen/room1/rhum value: 74.8
1618318264658,Publishing value to mavg/room1/temp value: 66.9
1618318264658,Publishing value to mavg/room1/rhum value: 257.8
1618318264658,Receiving value from siggen/room2/temp value: 24.8
1618318264658,Publishing value to mavg/room2/temp value: 76.19999999999999
1618318264658,Receiving value from siggen/room2/rhum value: 78.7
1618318264658,Publishing value to mavg/room2/rhum value: 228
1618318265658,Receiving value from siggen/room1/rhum value: 59.4
1618318265658,Receiving value from siggen/room2/rhum value: 74.3
1618318265658,Publishing value to mavg/room1/rhum value: 227.5
1618318265658,Publishing value to mavg/room2/rhum value: 229.39999999999998
1618318265658,Receiving value from siggen/room1/temp value: 17.3
1618318265658,Publishing value to mavg/room1/temp value: 59.900000000000006
1618318265658,Receiving value from siggen/room2/temp value: 22.9
1618318265658,Publishing value to mavg/room2/temp value: 72.99999999999999
1618318266658,Receiving value from siggen/room2/temp value: 19.3
1618318266658,Receiving value from siggen/room1/temp value: 20
1618318266658,Receiving value from siggen/room2/rhum value: 61.7
1618318266658,Receiving value from siggen/room1/rhum value: 50
1618318266658,Publishing value to mavg/room2/temp value: 66.99999999999999
1618318266658,Publishing value to mavg/room1/temp value: 57.2
1618318266658,Publishing value to mavg/room1/rhum value: 184.2
1618318266658,Publishing value to mavg/room2/rhum value: 214.7
1618318267658,Receiving value from siggen/room1/rhum value: 55.3
1618318267658,Receiving value from siggen/room2/temp value: 19.7
1618318267658,Receiving value from siggen/room1/temp value: 20.5
1618318267658,Publishing value to mavg/room1/rhum value: 164.7
1618318267658,Receiving value from siggen/room2/rhum value: 59.4
1618318267658,Publishing value to mavg/room1/temp value: 57.800000000000004
1618318267658,Publishing value to mavg/room2/temp value: 61.899999999999984
1618318267658,Publishing value to mavg/room2/rhum value: 195.39999999999998
1618318268658,Receiving value from siggen/room1/rhum value: 63.1
1618318268658,Receiving value from siggen/room2/temp value: 19.5
1618318268658,Publishing value to mavg/room1/rhum value: 168.39999999999998
1618318268658,Publishing value to mavg/room2/temp value: 58.499999999999986
1618318268658,Receiving value from siggen/room1/temp value: 21
1618318268658,Publishing value to mavg/room1/temp value: 61.5
1618318268658,Receiving value from siggen/room2/rhum value: 58.8
1618318268658,Publishing value to mavg/room2/rhum value: 179.89999999999998
1618318269658,Receiving value from siggen/room2/temp value: 20.6
1618318269658,Receiving value from siggen/room1/rhum value: 65.6
1618318269658,Publishing value to mavg/room2/temp value: 59.79999999999998
1618318269658,Publishing value to mavg/room1/rhum value: 183.99999999999997
1618318269658,Receiving value from siggen/room2/rhum value: 56.3
1618318269658,Publishing value to mavg/room2/rhum value: 174.49999999999997
1618318269658,Receiving value from siggen/room1/temp value: 21.5
1618318269658,Publishing value to mavg/room1/temp value: 63
1618318270658,Receiving value from siggen/room2/temp value: 20.4
1618318270658,Receiving value from siggen/room1/temp value: 22
1618318270658,Receiving value from siggen/room1/rhum value: 77.2
1618318270658,Receiving value from siggen/room2/rhum value: 63.5
1618318270658,Publishing value to mavg/room2/temp value: 60.499999999999986
1618318270658,Publishing value to mavg/room1/rhum value: 205.89999999999998
1618318270658,Publishing value to mavg/room1/temp value: 64.5
1618318270658,Publishing value to mavg/room2/rhum value: 178.59999999999997
1618318271658,Receiving value from siggen/room2/rhum value: 62.2
1618318271658,Receiving value from siggen/room2/temp value: 23.7
1618318271658,Receiving value from siggen/room1/rhum value: 76.8
1618318271658,Publishing value to mavg/room2/temp value: 64.69999999999999
1618318271658,Publishing value to mavg/room2/rhum value: 181.99999999999997
1618318271658,Receiving value from siggen/room1/temp value: 22.5
1618318271658,Publishing value to mavg/room1/rhum value: 219.59999999999997
1618318271658,Publishing value to mavg/room1/temp value: 66
1618318272658,Receiving value from siggen/room2/rhum value: 68.1
1618318272658,Publishing value to mavg/room2/rhum value: 193.79999999999995
1618318272658,Receiving value from siggen/room1/temp value: 23
1618318272658,Receiving value from siggen/room2/temp value: 22
1618318272658,Publishing value to mavg/room2/temp value: 66.1
1618318272658,Publishing value to mavg/room1/temp value: 67.5
1618318272658,Receiving value from siggen/room1/rhum value: 84.9
1618318272658,Publishing value to mavg/room1/rhum value: 238.89999999999998
1618318273658,Receiving value from siggen/room1/rhum value: 81
1618318273658,Receiving value from siggen/room1/temp value: 24.5
1618318273658,Receiving value from siggen/room2/temp value: 24.2
1618318273658,Publishing value to mavg/room1/temp value: 70
1618318273658,Receiving value from siggen/room2/rhum value: 73.6
1618318273658,Publishing value to mavg/room1/rhum value: 242.7
1618318273658,Publishing value to mavg/room2/temp value: 69.89999999999999
1618318273659,Publishing value to mavg/room2/rhum value: 203.89999999999995
1618318274658,Receiving value from siggen/room2/temp value: 26.1
1618318274658,Receiving value from siggen/room1/rhum value: 89.7
1618318274658,Receiving value from siggen/room1/temp value: 24.3
1618318274658,Publishing value to mavg/room2/temp value: 72.3
1618318274658,Receiving value from siggen/room2/rhum value: 72.9
1618318274658,Publishing value to mavg/room1/rhum value: 255.6
1618318274658,Publishing value to mavg/room1/temp value: 71.8
1618318274658,Publishing value to mavg/room2/rhum value: 214.59999999999997
1618318275658,Receiving value from siggen/room1/rhum value: 93.3
1618318275658,Receiving value from siggen/room2/rhum value: 76.4
1618318275658,Receiving value from siggen/room1/temp value: 22.7
1618318275658,Publishing value to mavg/room1/rhum value: 264
1618318275658,Publishing value to mavg/room2/rhum value: 222.89999999999998
1618318275658,Publishing value to mavg/room1/temp value: 71.5
1618318275658,Receiving value from siggen/room2/temp value: 25.3
1618318275658,Publishing value to mavg/room2/temp value: 75.6
1618318276658,Receiving value from siggen/room1/temp value: 19.9
1618318276658,Receiving value from siggen/room1/rhum value: 74.8
1618318276658,Receiving value from siggen/room2/temp value: 24.8
1618318276658,Publishing value to mavg/room1/rhum value: 257.8
1618318276658,Publishing value to mavg/room1/temp value: 66.9
1618318276658,Receiving value from siggen/room2/rhum value: 78.7
1618318276658,Publishing value to mavg/room2/temp value: 76.19999999999999
1618318276658,Publishing value to mavg/room2/rhum value: 228
1618318277658,Receiving value from siggen/room1/temp value: 17.3
1618318277658,Receiving value from siggen/room2/rhum value: 74.3
1618318277658,Receiving value from siggen/room1/rhum value: 59.4
1618318277658,Publishing value to mavg/room2/rhum value: 229.39999999999998
1618318277658,Publishing value to mavg/room1/temp value: 59.900000000000006
1618318277658,Publishing value to mavg/room1/rhum value: 227.5
1618318277658,Receiving value from siggen/room2/temp value: 22.9
1618318277658,Publishing value to mavg/room2/temp value: 72.99999999999999
1618318278658,Receiving value from siggen/room2/rhum value: 61.7
1618318278658,Receiving value from siggen/room2/temp value: 19.3
1618318278658,Receiving value from siggen/room1/rhum value: 50
1618318278658,Publishing value to mavg/room2/temp value: 66.99999999999999
1618318278658,Publishing value to mavg/room2/rhum value: 214.7
1618318278658,Publishing value to mavg/room1/rhum value: 184.2
1618318278658,Receiving value from siggen/room1/temp value: 20
1618318278658,Publishing value to mavg/room1/temp value: 57.2
1618318279658,Receiving value from siggen/room1/temp value: 20.5
1618318279658,Receiving value from siggen/room2/rhum value: 59.4
1618318279658,Receiving value from siggen/room1/rhum value: 55.3
1618318279658,Publishing value to mavg/room1/temp value: 57.800000000000004
1618318279658,Receiving value from siggen/room2/temp value: 19.7
1618318279658,Publishing value to mavg/room2/rhum value: 195.39999999999998
1618318279658,Publishing value to mavg/room2/temp value: 61.899999999999984
1618318279658,Publishing value to mavg/room1/rhum value: 164.7
1618318280658,Receiving value from siggen/room1/rhum value: 63.1
1618318280658,Receiving value from siggen/room2/rhum value: 58.8
1618318280658,Receiving value from siggen/room2/temp value: 19.5
1618318280658,Receiving value from siggen/room1/temp value: 21
1618318280658,Publishing value to mavg/room1/rhum value: 168.39999999999998
1618318280658,Publishing value to mavg/room2/temp value: 58.499999999999986
1618318280658,Publishing value to mavg/room2/rhum value: 179.89999999999998
1618318280658,Publishing value to mavg/room1/temp value: 61.5
1618318281658,Receiving value from siggen/room1/rhum value: 65.6
1618318281658,Receiving value from siggen/room1/temp value: 21.5
1618318281658,Receiving value from siggen/room2/temp value: 20.6
1618318281658,Publishing value to mavg/room1/rhum value: 183.99999999999997
1618318281658,Receiving value from siggen/room2/rhum value: 56.3
1618318281658,Publishing value to mavg/room1/temp value: 63
1618318281658,Publishing value to mavg/room2/temp value: 59.79999999999998
1618318281658,Publishing value to mavg/room2/rhum value: 174.49999999999997
1618318282658,Receiving value from siggen/room1/rhum value: 77.2
1618318282658,Receiving value from siggen/room2/temp value: 20.4
1618318282658,Receiving value from siggen/room1/temp value: 22
1618318282658,Publishing value to mavg/room1/rhum value: 205.89999999999998
1618318282658,Receiving value from siggen/room2/rhum value: 63.5
1618318282659,Publishing value to mavg/room2/temp value: 60.499999999999986
1618318282659,Publishing value to mavg/room2/rhum value: 178.59999999999997
1618318282659,Publishing value to mavg/room1/temp value: 64.5
1618318283658,Receiving value from siggen/room2/temp value: 23.7
1618318283658,Receiving value from siggen/room1/rhum value: 76.8
1618318283658,Receiving value from siggen/room2/rhum value: 62.2
1618318283658,Receiving value from siggen/room1/temp value: 22.5
1618318283658,Publishing value to mavg/room2/rhum value: 181.99999999999997
1618318283658,Publishing value to mavg/room1/rhum value: 219.59999999999997
1618318283658,Publishing value to mavg/room2/temp value: 64.69999999999999
1618318283658,Publishing value to mavg/room1/temp value: 66
1618318284658,Receiving value from siggen/room2/rhum value: 68.1
1618318284658,Receiving value from siggen/room2/temp value: 22
1618318284658,Publishing value to mavg/room2/rhum value: 193.79999999999995
1618318284658,Receiving value from siggen/room1/rhum value: 84.9
1618318284658,Publishing value to mavg/room2/temp value: 66.1
1618318284658,Publishing value to mavg/room1/rhum value: 238.89999999999998
1618318284659,Receiving value from siggen/room1/temp value: 23
1618318284659,Publishing value to mavg/room1/temp value: 67.5
1618318285658,Receiving value from siggen/room2/temp value: 24.2
1618318285658,Receiving value from siggen/room2/rhum value: 73.6
1618318285658,Receiving value from siggen/room1/temp value: 24.5
1618318285658,Receiving value from siggen/room1/rhum value: 81
1618318285658,Publishing value to mavg/room2/temp value: 69.89999999999999
1618318285658,Publishing value to mavg/room2/rhum value: 203.89999999999995
1618318285658,Publishing value to mavg/room1/temp value: 70
1618318285658,Publishing value to mavg/room1/rhum value: 242.7
1618318286658,Receiving value from siggen/room2/temp value: 26.1
1618318286658,Receiving value from siggen/room2/rhum value: 72.9
1618318286658,Publishing value to mavg/room2/temp value: 72.3
1618318286658,Publishing value to mavg/room2/rhum value: 214.59999999999997
1618318286658,Receiving value from siggen/room1/temp value: 24.3
1618318286658,Publishing value to mavg/room1/temp value: 71.8
1618318286658,Receiving value from siggen/room1/rhum value: 89.7
1618318286658,Publishing value to mavg/room1/rhum value: 255.6
1618318287658,Receiving value from siggen/room1/temp value: 22.7
1618318287658,Receiving value from siggen/room2/temp value: 25.3
1618318287658,Receiving value from siggen/room1/rhum value: 93.3
1618318287658,Publishing value to mavg/room1/temp value: 71.5
1618318287658,Receiving value from siggen/room2/rhum value: 76.4
1618318287658,Publishing value to mavg/room1/rhum value: 264
1618318287658,Publishing value to mavg/room2/temp value: 75.6
1618318287658,Publishing value to mavg/room2/rhum value: 222.89999999999998
1618318288658,Receiving value from siggen/room2/temp value: 24.8
1618318288658,Receiving value from siggen/room2/rhum value: 78.7
1618318288658,Receiving value from siggen/room1/rhum value: 74.8
1618318288658,Publishing value to mavg/room2/temp value: 76.19999999999999
1618318288658,Receiving value from siggen/room1/temp value: 19.9
1618318288658,Publishing value to mavg/room2/rhum value: 228
1618318288658,Publishing value to mavg/room1/temp value: 66.9
1618318288658,Publishing value to mavg/room1/rhum value: 257.8
1618318289658,Receiving value from siggen/room1/temp value: 17.3
1618318289658,Receiving value from siggen/room2/rhum value: 74.3
1618318289658,Receiving value from siggen/room2/temp value: 22.9
1618318289658,Publishing value to mavg/room1/temp value: 59.900000000000006
1618318289658,Receiving value from siggen/room1/rhum value: 59.4
1618318289658,Publishing value to mavg/room2/rhum value: 229.39999999999998
1618318289658,Publishing value to mavg/room2/temp value: 72.99999999999999
1618318289658,Publishing value to mavg/room1/rhum value: 227.5
1618318290658,Receiving value from siggen/room2/temp value: 19.3
1618318290658,Receiving value from siggen/room1/temp value: 20
1618318290658,Receiving value from siggen/room2/rhum value: 61.7
1618318290658,Publishing value to mavg/room2/temp value: 66.99999999999999
1618318290658,Receiving value from siggen/room1/rhum value: 50
1618318290658,Publishing value to mavg/room1/temp value: 57.2
1618318290658,Publishing value to mavg/room1/rhum value: 184.2
1618318290658,Publishing value to mavg/room2/rhum value: 214.7
1618318291658,Receiving value from siggen/room1/temp value: 20.5
1618318291658,Receiving value from siggen/room2/temp value: 19.7
1618318291658,Receiving value from siggen/room2/rhum value: 59.4
1618318291658,Publishing value to mavg/room1/temp value: 57.800000000000004
1618318291658,Publishing value to mavg/room2/temp value: 61.899999999999984
1618318291658,Receiving value from siggen/room1/rhum value: 55.3
1618318291658,Publishing value to mavg/room1/rhum value: 164.7
1618318291658,Publishing value to mavg/room2/rhum value: 195.39999999999998
1618318292658,Receiving value from siggen/room2/rhum value: 58.8
1618318292658,Receiving value from siggen/room1/temp value: 21
1618318292658,Receiving value from siggen/room2/temp value: 19.5
1618318292659,Publishing value to mavg/room1/temp value: 61.5
1618318292659,Publishing value to mavg/room2/rhum value: 179.89999999999998
1618318292659,Publishing value to mavg/room2/temp value: 58.499999999999986
1618318292659,Receiving value from siggen/room1/rhum value: 63.1
1618318292659,Publishing value to mavg/room1/rhum value: 168.39999999999998
1618318293658,Receiving value from siggen/room1/rhum value: 65.6
1618318293658,Receiving value from siggen/room2/rhum value: 56.3
1618318293658,Receiving value from siggen/room2/temp value: 20.6
1618318293658,Publishing value to mavg/room1/rhum value: 183.99999999999997
1618318293658,Receiving value from siggen/room1/temp value: 21.5
1618318293658,Publishing value to mavg/room2/rhum value: 174.49999999999997
1618318293658,Publishing value to mavg/room1/temp value: 63
1618318293658,Publishing value to mavg/room2/temp value: 59.79999999999998
1618318294658,Receiving value from siggen/room2/rhum value: 63.5
1618318294658,Receiving value from siggen/room2/temp value: 20.4
1618318294658,Publishing value to mavg/room2/rhum value: 178.59999999999997
1618318294658,Publishing value to mavg/room2/temp value: 60.499999999999986
1618318294658,Receiving value from siggen/room1/temp value: 22
1618318294658,Receiving value from siggen/room1/rhum value: 77.2
1618318294658,Publishing value to mavg/room1/temp value: 64.5
1618318294659,Publishing value to mavg/room1/rhum value: 205.89999999999998
1618318295658,Receiving value from siggen/room2/rhum value: 62.2
1618318295658,Receiving value from siggen/room1/rhum value: 76.8
1618318295658,Receiving value from siggen/room2/temp value: 23.7
1618318295658,Publishing value to mavg/room2/rhum value: 181.99999999999997
1618318295658,Receiving value from siggen/room1/temp value: 22.5
1618318295658,Publishing value to mavg/room1/rhum value: 219.59999999999997
1618318295658,Publishing value to mavg/room2/temp value: 64.69999999999999
1618318295658,Publishing value to mavg/room1/temp value: 66
1618318296658,Receiving value from siggen/room2/rhum value: 68.1
1618318296658,Receiving value from siggen/room1/temp value: 23
1618318296658,Publishing value to mavg/room2/rhum value: 193.79999999999995
1618318296658,Publishing value to mavg/room1/temp value: 67.5
1618318296660,Receiving value from siggen/room2/temp value: 22
1618318296660,Publishing value to mavg/room2/temp value: 66.1
1618318296660,Receiving value from siggen/room1/rhum value: 84.9
1618318296660,Publishing value to mavg/room1/rhum value: 238.89999999999998
1618318297658,Receiving value from siggen/room1/temp value: 24.5
1618318297658,Receiving value from siggen/room2/rhum value: 73.6
1618318297658,Receiving value from siggen/room2/temp value: 24.2
1618318297658,Publishing value to mavg/room2/rhum value: 203.89999999999995
1618318297658,Publishing value to mavg/room1/temp value: 70
1618318297658,Publishing value to mavg/room2/temp value: 69.89999999999999
1618318297658,Receiving value from siggen/room1/rhum value: 81
1618318297658,Publishing value to mavg/room1/rhum value: 242.7
1618318298658,Receiving value from siggen/room2/temp value: 26.1
1618318298658,Receiving value from siggen/room2/rhum value: 72.9
1618318298658,Receiving value from siggen/room1/temp value: 24.3
1618318298658,Receiving value from siggen/room1/rhum value: 89.7
1618318298658,Publishing value to mavg/room2/temp value: 72.3
1618318298658,Publishing value to mavg/room2/rhum value: 214.59999999999997
1618318298658,Publishing value to mavg/room1/temp value: 71.8
1618318298658,Publishing value to mavg/room1/rhum value: 255.6
1618318299658,Receiving value from siggen/room2/temp value: 25.3
1618318299658,Receiving value from siggen/room1/rhum value: 93.3
1618318299658,Receiving value from siggen/room1/temp value: 22.7
1618318299658,Receiving value from siggen/room2/rhum value: 76.4
1618318299658,Publishing value to mavg/room1/rhum value: 264
1618318299658,Publishing value to mavg/room2/temp value: 75.6
1618318299658,Publishing value to mavg/room1/temp value: 71.5
1618318299658,Publishing value to mavg/room2/rhum value: 222.89999999999998
1618318300658,Receiving value from siggen/room1/temp value: 19.9
1618318300658,Receiving value from siggen/room2/rhum value: 78.7
1618318300658,Receiving value from siggen/room1/rhum value: 74.8
1618318300658,Publishing value to mavg/room1/temp value: 66.9
1618318300658,Publishing value to mavg/room2/rhum value: 228
1618318300658,Publishing value to mavg/room1/rhum value: 257.8
1618318300658,Receiving value from siggen/room2/temp value: 24.8
1618318300658,Publishing value to mavg/room2/temp value: 76.19999999999999
1618318301658,Receiving value from siggen/room1/temp value: 17.3
1618318301658,Receiving value from siggen/room1/rhum value: 59.4
1618318301658,Publishing value to mavg/room1/temp value: 59.900000000000006
1618318301658,Publishing value to mavg/room1/rhum value: 227.5
1618318301658,Receiving value from siggen/room2/rhum value: 74.3
1618318301658,Publishing value to mavg/room2/rhum value: 229.39999999999998
1618318301658,Receiving value from siggen/room2/temp value: 22.9
1618318301658,Publishing value to mavg/room2/temp value: 72.99999999999999
1618318302658,Receiving value from siggen/room1/rhum value: 50
1618318302658,Receiving value from siggen/room2/temp value: 19.3
1618318302658,Receiving value from siggen/room2/rhum value: 61.7
1618318302658,Publishing value to mavg/room1/rhum value: 184.2
1618318302658,Publishing value to mavg/room2/temp value: 66.99999999999999
1618318302658,Receiving value from siggen/room1/temp value: 20
1618318302658,Publishing value to mavg/room2/rhum value: 214.7
1618318302658,Publishing value to mavg/room1/temp value: 57.2
1618318303658,Receiving value from siggen/room1/temp value: 20.5
1618318303658,Receiving value from siggen/room1/rhum value: 55.3
1618318303658,Receiving value from siggen/room2/rhum value: 59.4
1618318303658,Receiving value from siggen/room2/temp value: 19.7
1618318303658,Publishing value to mavg/room1/temp value: 57.800000000000004
1618318303658,Publishing value to mavg/room2/rhum value: 195.39999999999998
1618318303658,Publishing value to mavg/room1/rhum value: 164.7
1618318303658,Publishing value to mavg/room2/temp value: 61.899999999999984
1618318304658,Receiving value from siggen/room2/temp value: 19.5
1618318304658,Receiving value from siggen/room1/temp value: 21
1618318304658,Receiving value from siggen/room2/rhum value: 58.8
1618318304658,Publishing value to mavg/room2/temp value: 58.499999999999986
1618318304658,Receiving value from siggen/room1/rhum value: 63.1
1618318304658,Publishing value to mavg/room2/rhum value: 179.89999999999998
1618318304658,Publishing value to mavg/room1/temp value: 61.5
1618318304658,Publishing value to mavg/room1/rhum value: 168.39999999999998
1618318305658,Receiving value from siggen/room2/temp value: 20.6
1618318305658,Receiving value from siggen/room1/temp value: 21.5
1618318305658,Receiving value from siggen/room1/rhum value: 65.6
1618318305658,Publishing value to mavg/room2/temp value: 59.79999999999998
1618318305658,Publishing value to mavg/room1/rhum value: 183.99999999999997
1618318305658,Publishing value to mavg/room1/temp value: 63
1618318305658,Receiving value from siggen/room2/rhum value: 56.3
1618318305658,Publishing value to mavg/room2/rhum value: 174.49999999999997
1618318306658,Receiving value from siggen/room2/rhum value: 63.5
1618318306658,Receiving value from siggen/room1/rhum value: 77.2
1618318306658,Publishing value to mavg/room2/rhum value: 178.59999999999997
1618318306658,Publishing value to mavg/room1/rhum value: 205.89999999999998
1618318306658,Receiving value from siggen/room1/temp value: 22
1618318306658,Receiving value from siggen/room2/temp value: 20.4
1618318306658,Publishing value to mavg/room2/temp value: 60.499999999999986
1618318306658,Publishing value to mavg/room1/temp value: 64.5
1618318307658,Receiving value from siggen/room1/temp value: 22.5
1618318307658,Receiving value from siggen/room2/temp value: 23.7
1618318307658,Publishing value to mavg/room1/temp value: 66
1618318307658,Receiving value from siggen/room1/rhum value: 76.8
1618318307658,Publishing value to mavg/room2/temp value: 64.69999999999999
1618318307658,Receiving value from siggen/room2/rhum value: 62.2
1618318307658,Publishing value to mavg/room1/rhum value: 219.59999999999997
1618318307658,Publishing value to mavg/room2/rhum value: 181.99999999999997
1618318308658,Receiving value from siggen/room2/temp value: 22
1618318308658,Receiving value from siggen/room1/temp value: 23
1618318308658,Receiving value from siggen/room2/rhum value: 68.1
1618318308658,Publishing value to mavg/room2/temp value: 66.1
1618318308658,Receiving value from siggen/room1/rhum value: 84.9
1618318308658,Publishing value to mavg/room1/temp value: 67.5
1618318308658,Publishing value to mavg/room2/rhum value: 193.79999999999995
1618318308658,Publishing value to mavg/room1/rhum value: 238.89999999999998
1618318309658,Receiving value from siggen/room1/rhum value: 81
1618318309658,Receiving value from siggen/room2/rhum value: 73.6
1618318309658,Receiving value from siggen/room2/temp value: 24.2
1618318309658,Publishing value to mavg/room1/rhum value: 242.7
1618318309658,Publishing value to mavg/room2/rhum value: 203.89999999999995
1618318309659,Publishing value to mavg/room2/temp value: 69.89999999999999
1618318309659,Receiving value from siggen/room1/temp value: 24.5
1618318309659,Publishing value to mavg/room1/temp value: 70
1618318310658,Receiving value from siggen/room1/temp value: 24.3
1618318310658,Receiving value from siggen/room2/rhum value: 72.9
1618318310658,Receiving value from siggen/room1/rhum value: 89.7
1618318310658,Publishing value to mavg/room2/rhum value: 214.59999999999997
1618318310658,Publishing value to mavg/room1/temp value: 71.8
1618318310658,Publishing value to mavg/room1/rhum value: 255.6
1618318310658,Receiving value from siggen/room2/temp value: 26.1
1618318310658,Publishing value to mavg/room2/temp value: 72.3
1618318311658,Receiving value from siggen/room1/rhum value: 93.3
1618318311658,Receiving value from siggen/room1/temp value: 22.7
1618318311658,Receiving value from siggen/room2/rhum value: 76.4
1618318311658,Receiving value from siggen/room2/temp value: 25.3
1618318311658,Publishing value to mavg/room1/rhum value: 264
1618318311658,Publishing value to mavg/room2/rhum value: 222.89999999999998
1618318311658,Publishing value to mavg/room1/temp value: 71.5
1618318311658,Publishing value to mavg/room2/temp value: 75.6
1618318312658,Receiving value from siggen/room2/rhum value: 78.7
1618318312658,Receiving value from siggen/room2/temp value: 24.8
1618318312658,Receiving value from siggen/room1/rhum value: 74.8
1618318312658,Publishing value to mavg/room2/rhum value: 228
1618318312658,Receiving value from siggen/room1/temp value: 19.9
1618318312658,Publishing value to mavg/room2/temp value: 76.19999999999999
1618318312658,Publishing value to mavg/room1/rhum value: 257.8
1618318312659,Publishing value to mavg/room1/temp value: 66.9
1618318313658,Receiving value from siggen/room2/temp value: 22.9
1618318313658,Receiving value from siggen/room1/rhum value: 59.4
1618318313658,Receiving value from siggen/room1/temp value: 17.3
1618318313658,Publishing value to mavg/room1/rhum value: 227.5
1618318313658,Publishing value to mavg/room2/temp value: 72.99999999999999
1618318313658,Receiving value from siggen/room2/rhum value: 74.3
1618318313658,Publishing value to mavg/room1/temp value: 59.900000000000006
1618318313658,Publishing value to mavg/room2/rhum value: 229.39999999999998
1618318314658,Receiving value from siggen/room1/rhum value: 50
1618318314658,Receiving value from siggen/room2/temp value: 19.3
1618318314658,Receiving value from siggen/room2/rhum value: 61.7
1618318314658,Publishing value to mavg/room1/rhum value: 184.2
1618318314658,Receiving value from siggen/room1/temp value: 20
1618318314658,Publishing value to mavg/room2/temp value: 66.99999999999999
1618318314658,Publishing value to mavg/room1/temp value: 57.2
1618318314658,Publishing value to mavg/room2/rhum value: 214.7
1618318315658,Receiving value from siggen/room2/temp value: 19.7
1618318315658,Receiving value from siggen/room1/temp value: 20.5
1618318315658,Receiving value from siggen/room1/rhum value: 55.3
1618318315658,Publishing value to mavg/room2/temp value: 61.899999999999984
1618318315658,Publishing value to mavg/room1/rhum value: 164.7
1618318315658,Receiving value from siggen/room2/rhum value: 59.4
1618318315658,Publishing value to mavg/room1/temp value: 57.800000000000004
1618318315658,Publishing value to mavg/room2/rhum value: 195.39999999999998
1618318316658,Receiving value from siggen/room2/rhum value: 58.8
1618318316658,Receiving value from siggen/room1/temp value: 21
1618318316658,Receiving value from siggen/room2/temp value: 19.5
1618318316658,Publishing value to mavg/room2/rhum value: 179.89999999999998
1618318316658,Receiving value from siggen/room1/rhum value: 63.1
1618318316658,Publishing value to mavg/room2/temp value: 58.499999999999986
1618318316658,Publishing value to mavg/room1/temp value: 61.5
1618318316658,Publishing value to mavg/room1/rhum value: 168.39999999999998
1618318317658,Receiving value from siggen/room1/rhum value: 65.6
1618318317658,Receiving value from siggen/room2/rhum value: 56.3
1618318317658,Receiving value from siggen/room1/temp value: 21.5
1618318317658,Receiving value from siggen/room2/temp value: 20.6
1618318317658,Publishing value to mavg/room1/rhum value: 183.99999999999997
1618318317658,Publishing value to mavg/room1/temp value: 63
1618318317658,Publishing value to mavg/room2/rhum value: 174.49999999999997
1618318317658,Publishing value to mavg/room2/temp value: 59.79999999999998
1618318318658,Receiving value from siggen/room1/temp value: 22
1618318318658,Receiving value from siggen/room2/rhum value: 63.5
1618318318658,Receiving value from siggen/room2/temp value: 20.4
1618318318658,Publishing value to mavg/room1/temp value: 64.5
1618318318658,Receiving value from siggen/room1/rhum value: 77.2
1618318318658,Publishing value to mavg/room2/rhum value: 178.59999999999997
1618318318658,Publishing value to mavg/room1/rhum value: 205.89999999999998
1618318318658,Publishing value to mavg/room2/temp value: 60.499999999999986
1618318319658,Receiving value from siggen/room1/temp value: 22.5
1618318319658,Receiving value from siggen/room2/temp value: 23.7
1618318319658,Receiving value from siggen/room1/rhum value: 76.8
1618318319658,Publishing value to mavg/room1/temp value: 66
1618318319658,Receiving value from siggen/room2/rhum value: 62.2
1618318319658,Publishing value to mavg/room1/rhum value: 219.59999999999997
1618318319658,Publishing value to mavg/room2/rhum value: 181.99999999999997
1618318319658,Publishing value to mavg/room2/temp value: 64.69999999999999
1618318320658,Receiving value from siggen/room2/temp value: 22
1618318320658,Receiving value from siggen/room2/rhum value: 68.1
1618318320658,Publishing value to mavg/room2/temp value: 66.1
1618318320658,Publishing value to mavg/room2/rhum value: 193.79999999999995
1618318320658,Receiving value from siggen/room1/temp value: 23
1618318320658,Publishing value to mavg/room1/temp value: 67.5
1618318320658,Receiving value from siggen/room1/rhum value: 84.9
1618318320658,Publishing value to mavg/room1/rhum value: 238.89999999999998
1618318321658,Receiving value from siggen/room1/rhum value: 81
1618318321658,Receiving value from siggen/room2/temp value: 24.2
1618318321658,Receiving value from siggen/room1/temp value: 24.5
1618318321658,Publishing value to mavg/room1/rhum value: 242.7
1618318321658,Receiving value from siggen/room2/rhum value: 73.6
1618318321658,Publishing value to mavg/room1/temp value: 70
1618318321658,Publishing value to mavg/room2/temp value: 69.89999999999999
1618318321658,Publishing value to mavg/room2/rhum value: 203.89999999999995
1618318322658,Receiving value from siggen/room1/rhum value: 89.7
1618318322658,Receiving value from siggen/room2/rhum value: 72.9
1618318322658,Receiving value from siggen/room1/temp value: 24.3
1618318322658,Publishing value to mavg/room1/rhum value: 255.6
1618318322658,Publishing value to mavg/room1/temp value: 71.8
1618318322658,Publishing value to mavg/room2/rhum value: 214.59999999999997
1618318322658,Receiving value from siggen/room2/temp value: 26.1
1618318322658,Publishing value to mavg/room2/temp value: 72.3
1618318323658,Receiving value from siggen/room2/rhum value: 76.4
1618318323658,Receiving value from siggen/room1/rhum value: 93.3
1618318323658,Receiving value from siggen/room1/temp value: 22.7
1618318323658,Publishing value to mavg/room1/temp value: 71.5
1618318323658,Publishing value to mavg/room2/rhum value: 222.89999999999998
1618318323658,Publishing value to mavg/room1/rhum value: 264
1618318323658,Receiving value from siggen/room2/temp value: 25.3
1618318323658,Publishing value to mavg/room2/temp value: 75.6
1618318324658,Receiving value from siggen/room2/temp value: 24.8
1618318324658,Receiving value from siggen/room1/rhum value: 74.8
1618318324658,Publishing value to mavg/room2/temp value: 76.19999999999999
1618318324658,Publishing value to mavg/room1/rhum value: 257.8
1618318324658,Receiving value from siggen/room2/rhum value: 78.7
1618318324658,Receiving value from siggen/room1/temp value: 19.9
1618318324658,Publishing value to mavg/room2/rhum value: 228
1618318324658,Publishing value to mavg/room1/temp value: 66.9
1618318325658,Receiving value from siggen/room2/rhum value: 74.3
1618318325658,Receiving value from siggen/room1/temp value: 17.3
1618318325658,Receiving value from siggen/room2/temp value: 22.9
1618318325658,Receiving value from siggen/room1/rhum value: 59.4
1618318325658,Publishing value to mavg/room2/rhum value: 229.39999999999998
1618318325658,Publishing value to mavg/room2/temp value: 72.99999999999999
1618318325658,Publishing value to mavg/room1/rhum value: 227.5
1618318325658,Publishing value to mavg/room1/temp value: 59.900000000000006
1618318326658,Receiving value from siggen/room1/rhum value: 50
1618318326658,Receiving value from siggen/room1/temp value: 20
1618318326658,Receiving value from siggen/room2/temp value: 19.3
1618318326658,Publishing value to mavg/room1/temp value: 57.2
1618318326658,Publishing value to mavg/room1/rhum value: 184.2
1618318326658,Receiving value from siggen/room2/rhum value: 61.7
1618318326658,Publishing value to mavg/room2/temp value: 66.99999999999999
1618318326658,Publishing value to mavg/room2/rhum value: 214.7
1618318327658,Receiving value from siggen/room2/temp value: 19.7
1618318327658,Receiving value from siggen/room2/rhum value: 59.4
1618318327658,Publishing value to mavg/room2/rhum value: 195.39999999999998
1618318327658,Publishing value to mavg/room2/temp value: 61.899999999999984
1618318327658,Receiving value from siggen/room1/temp value: 20.5
1618318327658,Publishing value to mavg/room1/temp value: 57.800000000000004
1618318327658,Receiving value from siggen/room1/rhum value: 55.3